variant_id,gene,variant_hgvs,current_classification,condition,patient_ancestry_group,patient_impact_level,ancestry_data_gap,affected_relative_available,splice_suspected,literature_evidence_level,functional_assay_available,clinvar_snapshot,clingen_snapshot,gnomad_snapshot,splice_prediction_snapshot,mavedb_snapshot,last_review_date
VUS_001,BRCA1,c.4096+1G>A,VUS,Hereditary breast/ovarian cancer,Unknown,High,Medium,No,Yes,Limited,Unknown,Public-source snapshot remains uncertain or limited for this demo record,Gene-disease relationship is relevant to hereditary breast/ovarian cancer,Population evidence appears limited in the curated snapshot,Splice-position pattern suggests RNA/splicing review may be useful,No functional assay evidence is shown in the current snapshot,2026-05-03
VUS_002,BRCA2,c.7976G>A,VUS,Hereditary breast/ovarian cancer,Underrepresented group,High,High,No,No,Moderate,Unknown,Public-source snapshot remains uncertain in this demo context,Gene-disease relationship is relevant to hereditary breast/ovarian cancer,Ancestry-matched population evidence appears limited,No strong splice concern is shown,Functional evidence is unavailable or not shown,2026-05-03
VUS_003,PALB2,c.3113G>A,VUS,Hereditary breast/ovarian cancer,Unknown,Medium,Low,Yes,No,Limited,Unknown,Public submissions appear limited in this demo snapshot,Gene-disease relationship is relevant to hereditary cancer interpretation,Population evidence is not the main limitation in this demo row,No splice concern is shown,No functional assay evidence is shown,2026-05-03
VUS_004,CHEK2,c.470T>C,VUS,Hereditary breast/ovarian cancer,Unknown,Low,Low,No,No,Strong,No,Public-source snapshot remains uncertain in this demo context,Gene-disease context is relevant but current routing opportunity is weak,No major population evidence gap is shown,No splice suspicion is shown,No relevant functional evidence path is shown,2026-05-03
VUS_005,TP53,c.743G>A,Conflicting,Hereditary breast/ovarian cancer,Unknown,High,Medium,Unknown,No,Limited,Potentially relevant,Public classifications are conflicting in the demo snapshot,Gene-disease relationship is relevant to hereditary cancer interpretation,Some population evidence limitation is noted,No splice concern is shown,Functional evidence may be relevant but is unresolved,2026-05-03
VUS_006,RAD51C,c.706-2A>G,VUS,Hereditary breast/ovarian cancer,Unknown,High,Medium,No,Yes,Limited,Unknown,Public-source classification remains uncertain in this demo snapshot,Gene-disease relationship is relevant to hereditary ovarian cancer risk interpretation,Population evidence is limited in the curated snapshot,Splice-region pattern suggests RNA/splicing evidence may be useful,No functional assay evidence is shown,2026-05-03
VUS_007,RAD51D,c.620C>T,VUS,Hereditary breast/ovarian cancer,Underrepresented group,Medium,High,No,No,Limited,Unknown,Public submissions appear limited in this demo snapshot,Gene-disease relationship is relevant to hereditary cancer interpretation,Ancestry-matched population evidence appears limited,No splice concern is shown,No functional assay evidence is shown,2026-05-03
VUS_008,ATM,c.7271T>G,VUS,Hereditary breast/ovarian cancer,Unknown,Medium,Medium,Yes,No,Moderate,Potentially relevant,Public-source snapshot remains uncertain or mixed in this demo row,Gene-disease context is relevant to hereditary cancer panels,Population evidence has some limitations in the snapshot,No splice concern is shown,Functional evidence may be relevant for qualified review,2026-05-03
VUS_009,BRIP1,c.2392C>T,VUS,Hereditary breast/ovarian cancer,Unknown,Medium,Low,No,No,None found,Unknown,Public-source evidence appears sparse in this demo snapshot,Gene-disease relationship is relevant to hereditary ovarian cancer interpretation,Population evidence is not clearly limiting in this row,No splice concern is shown,Functional evidence is unknown,2026-05-03
VUS_010,BRCA2,c.9501+3A>T,VUS,Hereditary breast/ovarian cancer,Unknown,High,Medium,Unknown,Yes,Limited,Unknown,Public-source snapshot remains uncertain in this demo context,Gene-disease relationship is relevant to hereditary breast/ovarian cancer,Population evidence appears limited in the curated snapshot,Splice-region pattern suggests RNA/splicing review may be useful,No functional assay evidence is shown,2026-05-03
